term,suggestion
why+does+my+bull+terrier,why does my bull terrier fart so much
why+does+my+bull+terrier,why does my bull terrier shed so much
why+does+my+bull+terrier,why does my bull terrier stink
why+does+my+bull+terrier,why does my bull terrier trance
why+does+my+bull+terrier,why does my bull terrier drink so much water
why+does+my+bull+terrier,why does my bull terrier chases his tail
why+does+my+bull+terrier,why does my bull terrier sleep so much
why+does+my+bull+terrier,why does my bull terrier bite me
why+does+my+bull+terrier,why does my bull terrier lick me
why+does+my+bull+terrier,why does my bull terrier have spots
why+does+my+german+shorthaired+pointer,why does my german shorthaired pointer whine
why+does+my+german+shorthaired+pointer,why does my german shorthaired pointer shake
why+does+my+german+shorthaired+pointer,why does my german shorthaired pointer pee so much
why+does+my+german+shorthaired+pointer,why is my german shorthaired pointer so skinny
why+does+my+german+shorthaired+pointer,why is my german shorthaired pointer shedding so much
why+does+my+german+shorthaired+pointer,why is my german shorthaired pointer aggressive
why+does+my+german+shorthaired+pointer,why is my german shorthaired pointer shaking
why+does+my+german+shorthaired+pointer,why is my german shorthaired pointer so small
why+does+my+german+shorthaired+pointer,does my german shorthaired pointer need a winter coat
why+does+my+german+shorthaired+pointer,will my german shorthaired pointer calm down
why+does+my+akita,why does my akita bark so much
why+does+my+akita,why does my akita growl at me
why+does+my+akita,why does my akita howl
why+does+my+akita,why does my akita lick me
why+does+my+akita,why does my akita bite me
why+does+my+akita,why does my akita pant so much
why+does+my+akita,why does my akita sleep so much
why+does+my+akita,why does my akita follow me everywhere
why+does+my+akita,why does my akita nibble on me
why+does+my+akita,why does my akita lean on me
why+does+my+bulldog,why does my bulldog sit and spin
why+does+my+bulldog,why does my bulldog shed so much
why+does+my+bulldog,why does my bulldog stink
why+does+my+bulldog,why does my bulldog fart so much
why+does+my+bulldog,why does my bulldog lick the air
why+does+my+bulldog,why does my bulldog smell like fish
why+does+my+bulldog,why does my bulldog lick me
why+does+my+bulldog,why does my bulldog sleep so much
why+does+my+bulldog,why does my bulldog pant so much
why+does+my+bulldog,why does my bulldog keep throwing up
why+does+my+maltese,why does my maltese stare at me
why+does+my+maltese,why does my maltese have brown spots
why+does+my+maltese,why does my maltese growl at me
why+does+my+maltese,why does my maltese pant so much
why+does+my+maltese,why does my maltese follow me everywhere
why+does+my+maltese,why does my maltese shake so much
why+does+my+maltese,why does my maltese chew his feet
why+does+my+maltese,why does my maltese snort
why+does+my+maltese,why does my maltese keep licking his paws
why+does+my+maltese,why does my maltese wheeze
why+does+my+mastiff,why does my mastiff pant so much
why+does+my+mastiff,why does my mastiff lay on me
why+does+my+mastiff,why does my mastiff shed so much
why+does+my+mastiff,why does my mastiff smell so bad
why+does+my+mastiff,why does my mastiff lean on me
why+does+my+mastiff,why does my mastiff sit on me
why+does+my+mastiff,why does my mastiff whine
why+does+my+mastiff,why does my mastiff stink
why+does+my+mastiff,why does my mastiff snore
why+does+my+mastiff,why does my mastiff get hiccups
why+does+my+dachshund,why does my dachshund
why+does+my+dachshund,why does my dachshund lick so much
why+does+my+dachshund,why does my dachshund shake
why+does+my+dachshund,why does my dachshund lick me so much
why+does+my+dachshund,why does my dachshund bark so much
why+does+my+dachshund,why does my dachshund snort
why+does+my+dachshund,why does my dachshund stink
why+does+my+dachshund,why does my dachshund sleep so much
why+does+my+dachshund,why does my dachshund stare at me
why+does+my+dachshund,why does my dachshund shed so much
why+does+my+greyhound,why does my greyhound stare at me
why+does+my+greyhound,why does my greyhound lick me
why+does+my+greyhound,why does my greyhound pant so much
why+does+my+greyhound,why does my greyhound eat grass
why+does+my+greyhound,why does my greyhound shed so much
why+does+my+greyhound,why does my greyhound lean on me
why+does+my+greyhound,why does my greyhounds teeth chatter
why+does+my+greyhound,why does my greyhound stretch so much
why+does+my+greyhound,why does my greyhound have diarrhea
why+does+my+greyhound,why does my greyhound growl at me
why+does+my+labrador,why does my labrador eat grass
why+does+my+labrador,why does my labrador smell so bad
why+does+my+labrador,why does my labrador shed so much
why+does+my+labrador,why does my labrador smell of fish
why+does+my+labrador,why does my labrador keep gagging
why+does+my+labrador,why does my labrador eat poop
why+does+my+labrador,why does my labrador drool so much
why+does+my+labrador,why does my labrador snore
why+does+my+labrador,why does my labrador snort
why+does+my+labrador,why does my labrador cry
why+does+my+basset+hound,why does my basset hound pee so much
why+does+my+basset+hound,why does my basset hound stink
why+does+my+basset+hound,why does my basset hound bark so much
why+does+my+basset+hound,why does my basset hound not howl
why+does+my+basset+hound,why does my basset hound scratch so much
why+does+my+basset+hound,why does my basset hound whine so much
why+does+my+basset+hound,why does my basset hound shake
why+does+my+basset+hound,why does my basset hound smell so bad
why+does+my+basset+hound,why does my basset hound has lumps
why+does+my+basset+hound,why does my basset hound bite me
why+does+my+scottish+terrier,why does my scottish terrier lick everything
why+does+my+scottish+terrier,why does my scottish terrier smell
why+does+my+scottish+terrier,why is my scottish terrier shedding a lot
why+does+my+scottish+terrier,why is my scottish terrier not eating
why+does+my+scottish+terrier,why is my scottish terrier so aggressive
why+does+my+scottish+terrier,why do scottish terriers smell
why+does+my+scottish+terrier,are scottish terriers always black
why+does+my+scottish+terrier,are scottish terriers barkers
why+does+my+scottish+terrier,do scottish terriers bark a lot
why+does+my+scottish+terrier,why scottish terriers are the best
why+does+my+poodle,why does my poodle smell so bad
why+does+my+poodle,why does my poodle lick so much
why+does+my+poodle,why does my poodle have straight hair
why+does+my+poodle,why does my poodle follow me everywhere
why+does+my+poodle,why does my poodle bark so much
why+does+my+poodle,why does my poodle shake
why+does+my+poodle,why does my poodle lick me so much
why+does+my+poodle,why does my poodle howl
why+does+my+poodle,why does my poodle burp so much
why+does+my+poodle,why does my poodle lick his paws
why+does+my+pomeranian,why does my pomeranian snort
why+does+my+pomeranian,why does my pomeranian pant so much
why+does+my+pomeranian,why does my pomeranian bark so much
why+does+my+pomeranian,why does my pomeranian look like a fox
why+does+my+pomeranian,why does my pomeranian shake
why+does+my+pomeranian,why does my pomeranian cough
why+does+my+pomeranian,why does my pomeranian stare at me
why+does+my+pomeranian,why does my pomeranian howl
why+does+my+pomeranian,why does my pomeranian growl at me
why+does+my+pomeranian,why does my pomeranian lick everything
why+does+my+newfoundland,why does my newfoundland stink
why+does+my+newfoundland,why does my newfoundland pant so much
why+does+my+newfoundland,why does my newfoundland bark so much
why+does+my+newfoundland,why does my newfoundland whine
why+does+my+newfoundland,why is my newfoundland small
why+does+my+newfoundland,why is my newfoundland aggressive
why+does+my+newfoundland,why does the newfoundland accent sound irish
why+does+my+newfoundland,why is my newfoundland losing hair
why+does+my+newfoundland,why is my newfoundland not eating
why+does+my+newfoundland,why is my newfoundland so hyper
why+does+my+bernese+mountain+dog,why does my bernese mountain dog stink
why+does+my+bernese+mountain+dog,why does my bernese mountain dog howl
why+does+my+bernese+mountain+dog,why does my bernese mountain dog have short hair
why+does+my+bernese+mountain+dog,why does my bernese mountain dog pant so much
why+does+my+bernese+mountain+dog,why does my bernese mountain dog sit on me
why+does+my+bernese+mountain+dog,why does my bernese mountain dog have diarrhea
why+does+my+bernese+mountain+dog,why does my bernese mountain dog bark so much
why+does+my+bernese+mountain+dog,why does my bernese mountain dog shed so much
why+does+my+bernese+mountain+dog,why is my bernese mountain dog so small
why+does+my+bernese+mountain+dog,why are my bernese mountain dogs eyes red
why+does+my+papillon,why does my papillon lick so much
why+does+my+papillon,why does my papillon cough
why+does+my+papillon,why does my papillon bark so much
why+does+my+papillon,why does my papillon shed so much
why+does+my+papillon,why does my papillon shake
why+does+my+papillon,why does my papillon scratch so much
why+does+my+papillon,why does my papillon pant so much
why+does+my+papillon,why is my papillon so aggressive
why+does+my+papillon,why is my papillon so big
why+does+my+papillon,why is my papillon shaking
why+does+my+lhasa+apso,why does my lhasa apso bite me
why+does+my+lhasa+apso,why does my lhasa apso bark so much
why+does+my+lhasa+apso,why does my lhasa apso smell
why+does+my+lhasa+apso,why does my lhasa apso pant so much
why+does+my+lhasa+apso,why does my lhasa apso growl all the time
why+does+my+lhasa+apso,why does my lhasa apso sleep so much
why+does+my+lhasa+apso,why does my lhasa apso lick everything
why+does+my+lhasa+apso,why does my lhasa apso lick his paws
why+does+my+lhasa+apso,why does my lhasa apso shake
why+does+my+lhasa+apso,why does my lhasa apso snort
why+does+my+doberman,why does my doberman whine so much
why+does+my+doberman,why does my doberman howl
why+does+my+doberman,why does my doberman stare at me
why+does+my+doberman,why does my doberman cry so much
why+does+my+doberman,why does my doberman bite me
why+does+my+doberman,why does my doberman fart so much
why+does+my+doberman,why does my doberman have dandruff
why+does+my+doberman,why does my doberman have so much dandruff
why+does+my+doberman,why does my doberman pant so much
why+does+my+doberman,why does my doberman puppy have diarrhea
why+does+my+pekingese,why does my pekingese bite me
why+does+my+pekingese,why does my pekingese lick so much
why+does+my+pekingese,why does my pekingese tongue stick out
why+does+my+pekingese,why does my pekingese smell
why+does+my+pekingese,why does my pekingese eat poop
why+does+my+pekingese,why does my pekingese scratch all the time
why+does+my+pekingese,why does my pekingese shake
why+does+my+pekingese,why does my pekingese sleep so much
why+does+my+pekingese,why does my pekingese have short hair
why+does+my+pekingese,why does my pekingese snort
why+does+my+boxer,why does my boxer shed so much
why+does+my+boxer,why does my boxer sit on me
why+does+my+boxer,why does my boxer fart so much
why+does+my+boxer,why does my boxer have hives
why+does+my+boxer,why does my boxer lick me so much
why+does+my+boxer,why does my boxer keep throwing up
why+does+my+boxer,why does my boxer have bald spots
why+does+my+boxer,why does my boxer stink
why+does+my+boxer,why does my boxer puppy get hiccups
why+does+my+boxer,why does my boxer have bumps
why+does+my+cavalier+king+charles+spaniel,why does my cavalier king charles spaniel snore
why+does+my+cavalier+king+charles+spaniel,why does my cavalier king charles spaniel sleep so much
why+does+my+cavalier+king+charles+spaniel,why does my cavalier king charles spaniel snore so much
why+does+my+cavalier+king+charles+spaniel,why does my cavalier king charles spaniel smell
why+does+my+cavalier+king+charles+spaniel,why is my cavalier king charles spaniel so big
why+does+my+cavalier+king+charles+spaniel,why is my cavalier king charles spaniel so small
why+does+my+cavalier+king+charles+spaniel,why is my cavalier king charles spaniel shaking
why+does+my+cavalier+king+charles+spaniel,why is my cavalier king charles spaniel drooling
why+does+my+cavalier+king+charles+spaniel,why is my cavalier king charles spaniel panting
why+does+my+cavalier+king+charles+spaniel,why is my cavalier king charles spaniel so tall
why+does+my+st+bernard,why does my st bernard puppy pant so much
why+does+my+st+bernard,why does my st bernard sit on me
why+does+my+st+bernard,why does my st bernard stink
why+does+my+st+bernard,why does my st bernard pant so much
why+does+my+st+bernard,why does my st bernard bark so much
why+does+my+st+bernard,why does my st bernard sleep so much
why+does+my+st+bernard,why does my saint bernard sit on me
why+does+my+st+bernard,why does my saint bernard shed so much
why+does+my+st+bernard,why does my saint bernard lean on me
why+does+my+st+bernard,why is my st bernard shedding so much
why+does+my+yorkshire+terrier,why does my yorkshire terrier shake
why+does+my+yorkshire+terrier,why does my yorkshire terrier lick so much
why+does+my+yorkshire+terrier,why does my yorkshire terrier smell so bad
why+does+my+yorkshire+terrier,why does my yorkshire terrier shiver
why+does+my+yorkshire+terrier,why does my yorkshire terrier howl
why+does+my+yorkshire+terrier,why does my yorkshire terrier keeps scratching
why+does+my+yorkshire+terrier,why does my yorkshire terrier have floppy ears
why+does+my+yorkshire+terrier,why does my yorkshire terrier keeps coughing
why+does+my+yorkshire+terrier,why does my yorkshire terrier snort
why+does+my+yorkshire+terrier,why does my yorkshire terrier bark so much
why+does+my+beagle,why does my beagle shed so much
why+does+my+beagle,why does my beagle shake
why+does+my+beagle,why does my beagle sleep so much
why+does+my+beagle,why does my beagle eat poop
why+does+my+beagle,why does my beagle cry
why+does+my+beagle,why does my beagle stare at me
why+does+my+beagle,why does my beagle eat grass
why+does+my+beagle,why does my beagle snort
why+does+my+beagle,why does my beagle whine all the time
why+does+my+beagle,why does my beagle howl when i leave
why+does+my+havanese,why does my havanese sleep so much
why+does+my+havanese,why does my havanese shake
why+does+my+havanese,why does my havanese pant so much
why+does+my+havanese,why does my havanese growl
why+does+my+havanese,why does my havanese lick everything
why+does+my+havanese,why does my havanese stare at me
why+does+my+havanese,why does my havanese bark so much
why+does+my+havanese,why does my havanese smell
why+does+my+havanese,why does my havanese follow me everywhere
why+does+my+havanese,why does my havanese howl
why+does+my+german+shepherd,why does my german shepherd whine
why+does+my+german+shepherd,why does my german shepherd pant so much
why+does+my+german+shepherd,why does my german shepherd lay down to eat
why+does+my+german+shepherd,why does my german shepherd stare at me
why+does+my+german+shepherd,why does my german shepherd nibble on me
why+does+my+german+shepherd,why does my german shepherd follow me everywhere
why+does+my+german+shepherd,why does my german shepherd bite me
why+does+my+german+shepherd,why does my german shepherd shed so much
why+does+my+german+shepherd,why does my german shepherd have diarrhea
why+does+my+german+shepherd,why does my german shepherd sit on me
why+does+my+weimaraner,why does my weimaraner have spots
why+does+my+weimaraner,why does my weimaraner bite
why+does+my+weimaraner,why does my weimaraner has bumps
why+does+my+weimaraner,why does my weimaraner shed so much
why+does+my+weimaraner,why does my weimaraner stare at me
why+does+my+weimaraner,why does my weimaraner whine so much
why+does+my+weimaraner,why does my weimaraner follow me everywhere
why+does+my+weimaraner,why does my weimaraner stink
why+does+my+weimaraner,why does my weimaraner smell
why+does+my+weimaraner,why does my weimaraner fart so much
why+does+my+bichon+frise,why does my bichon frise whine so much
why+does+my+bichon+frise,why does my bichon frise keeps scratching
why+does+my+bichon+frise,why does my bichon frise lick me so much
why+does+my+bichon+frise,why does my bichon frise keeps barking
why+does+my+bichon+frise,why does my bichon frise pee in the house
why+does+my+bichon+frise,why does my bichon frise smell
why+does+my+bichon+frise,why does my bichon frise howl
why+does+my+bichon+frise,why does my bichon frise cough
why+does+my+bichon+frise,why does my bichon frise sleep so much
why+does+my+bichon+frise,why does my bichon frise snort
why+does+my+boston+terrier,why does my boston terrier shake
why+does+my+boston+terrier,why does my boston terrier lick me so much
why+does+my+boston+terrier,why does my boston terrier sleep so much
why+does+my+boston+terrier,why does my boston terrier fart so much
why+does+my+boston+terrier,why does my boston terrier snort
why+does+my+boston+terrier,why does my boston terrier shed so much
why+does+my+boston+terrier,why does my boston terrier lick so much
why+does+my+boston+terrier,why does my boston terrier throw up
why+does+my+boston+terrier,why does my boston terriers eyes water
why+does+my+boston+terrier,why does my boston terrier scratch so much
why+does+my+rottweiler,why does my rottweiler sit on me
why+does+my+rottweiler,why does my rottweiler follow me everywhere
why+does+my+rottweiler,why does my rottweiler howl
why+does+my+rottweiler,why does my rottweiler shed so much
why+does+my+rottweiler,why does my rottweiler have white hair
why+does+my+rottweiler,why does my rottweiler pant all the time
why+does+my+rottweiler,why does my rottweiler breathing heavy
why+does+my+rottweiler,why does my rottweiler growl at me
why+does+my+rottweiler,why does my rottweiler fart so much
why+does+my+rottweiler,why does my rottweiler smell so bad
why+does+my+bullmastiff,why does my bullmastiff stink
why+does+my+bullmastiff,why does my bullmastiff sleep so much
why+does+my+bullmastiff,why does my bullmastiff shed so much
why+does+my+bullmastiff,why does my bullmastiff sit on me
why+does+my+bullmastiff,why does my bullmastiff fart so much
why+does+my+bullmastiff,why does my bullmastiff lean on me
why+does+my+bullmastiff,why does my bullmastiff puppy
why+does+my+bullmastiff,why is my bullmastiff so small
why+does+my+bullmastiff,why is my bullmastiff scared of everything
why+does+my+bullmastiff,why is my bullmastiff limping
why+does+my+chow+chow,why does my chow chow stink
why+does+my+chow+chow,why does my chow chow follow me everywhere
why+does+my+chow+chow,why does my chow chow pant so much
why+does+my+chow+chow,why does my chow chow lick me
why+does+my+chow+chow,why does my chow chow sleep so much
why+does+my+chow+chow,why does my chow chow grunt
why+does+my+chow+chow,why does my chow chow smell like fish
why+does+my+chow+chow,why does my chow chow bite
why+does+my+chow+chow,why does my chow chow sound like a pig
why+does+my+chow+chow,why does my chow chow keep shaking his head
why+does+my+shih+tzu,why does my shih tzu lick me so much
why+does+my+shih+tzu,why does my shih tzu snort
why+does+my+shih+tzu,why does my shih tzu shake
why+does+my+shih+tzu,why does my shih tzu smell
why+does+my+shih+tzu,why does my shih tzu eat poop
why+does+my+shih+tzu,why does my shih tzu lick so much
why+does+my+shih+tzu,why does my shih tzu sleep so much
why+does+my+shih+tzu,why does my shih tzu sneeze when excited
why+does+my+shih+tzu,why does my shih tzu growl at me
why+does+my+shih+tzu,why does my shih tzu sleep all the time
why+does+my+shar+pei,why does my shar pei smell so bad
why+does+my+shar+pei,why does my shar pei lick me
why+does+my+shar+pei,why does my shar pei sleep so much
why+does+my+shar+pei,why does my shar pei keep scratching
why+does+my+shar+pei,why does my shar pei shed so much
why+does+my+shar+pei,why does my shar pei have no wrinkles
why+does+my+shar+pei,why does my shar peis eyes water
why+does+my+shar+pei,why does my shar pei make me itch
why+does+my+shar+pei,why does my shar pei shake his head
why+does+my+shar+pei,why does my shar pei grunt
why+does+my+staffordshire+bull+terrier,why does my staffordshire bull terrier smell
why+does+my+staffordshire+bull+terrier,why does my staffordshire bull terrier fart so much
why+does+my+staffordshire+bull+terrier,why does my staffordshire bull terrier cry
why+does+my+staffordshire+bull+terrier,why does my staffordshire bull terrier shake
why+does+my+staffordshire+bull+terrier,why is my staffordshire bull terrier losing hair
why+does+my+staffordshire+bull+terrier,why is my staffordshire bull terrier skinny
why+does+my+staffordshire+bull+terrier,why is my staffordshire bull terrier coughing
why+does+my+staffordshire+bull+terrier,why was the staffordshire bull terrier bred
why+does+my+staffordshire+bull+terrier,is my staffordshire bull terrier pregnant
why+does+my+staffordshire+bull+terrier,is a staffordshire bull terrier dangerous
why+does+my+australian+shepherd,why does my australian shepherd sit on me
why+does+my+australian+shepherd,why does my australian shepherd lick me so much
why+does+my+australian+shepherd,why does my australian shepherd nip
why+does+my+australian+shepherd,why does my australian shepherd shake
why+does+my+australian+shepherd,why does my australian shepherd stink
why+does+my+australian+shepherd,why does my australian shepherd paw at me
why+does+my+australian+shepherd,why does my australian shepherd howl
why+does+my+australian+shepherd,why does my australian shepherd bark so much
why+does+my+australian+shepherd,why does my australian shepherd stare at me
why+does+my+australian+shepherd,why does my australian shepherd bark at me
why+does+my+fox+terrier,why does my fox terrier shake
why+does+my+fox+terrier,why does my fox terrier smell
why+does+my+fox+terrier,why does my toy fox terrier shake
why+does+my+fox+terrier,why does my wire fox terrier shake
why+does+my+fox+terrier,are fox terriers barkers
why+does+my+fox+terrier,do fox terriers bark a lot
why+does+my+fox+terrier,are fox terriers affectionate
why+does+my+great+dane,why does my great dane lean on me
why+does+my+great+dane,why does my great dane sit on me
why+does+my+great+dane,why does my great dane shed so much
why+does+my+great+dane,why does my great dane smell like fish
why+does+my+great+dane,why does my great dane growl at me
why+does+my+great+dane,why does my great dane shake
why+does+my+great+dane,why does my great dane stink
why+does+my+great+dane,why does my great dane shake his head
why+does+my+great+dane,why does my great dane chew everything
why+does+my+great+dane,why does my great dane drink so much water
why+does+my+golden+retriever,why does my golden retriever smell
why+does+my+golden+retriever,why does my golden retriever pant so much
why+does+my+golden+retriever,why does my golden retriever lick me so much
why+does+my+golden+retriever,why does my golden retriever grunt
why+does+my+golden+retriever,why does my golden retriever sit on me
why+does+my+golden+retriever,why does my golden retriever bite me
why+does+my+golden+retriever,why does my golden retriever smell like fish
why+does+my+golden+retriever,why does my golden retriever shed so much
why+does+my+golden+retriever,why does my golden retriever put his paw on me
why+does+my+golden+retriever,why does my golden retriever eat grass
why+does+my+siberian+husky,why does my siberian husky drink so much water
why+does+my+siberian+husky,why does my siberian husky bite
why+does+my+siberian+husky,why does my siberian husky pant so much
why+does+my+siberian+husky,why does my siberian husky eat grass
why+does+my+siberian+husky,why does my siberian husky puppy have diarrhea
why+does+my+siberian+husky,why does my siberian husky sleep so much
why+does+my+siberian+husky,why does my siberian husky have diarrhea
why+does+my+siberian+husky,why does my siberian husky not talk
why+does+my+siberian+husky,why does my siberian husky smell bad
why+does+my+siberian+husky,why does my siberian husky keeps howling
why+does+my+french+bulldog,why does my french bulldog keep throwing up
why+does+my+french+bulldog,why does my french bulldog fart so much
why+does+my+french+bulldog,why does my french bulldog shed so much
why+does+my+french+bulldog,why does my french bulldog have a long tail
why+does+my+french+bulldog,why does my french bulldog lick me so much
why+does+my+french+bulldog,why does my french bulldog stink
why+does+my+french+bulldog,why does my french bulldog sleep so much
why+does+my+french+bulldog,why does my french bulldog pee when excited
why+does+my+french+bulldog,why does my french bulldog have red eyes
why+does+my+french+bulldog,why does my french bulldog have a tail
why+does+my+pug,why does my pug smell like fish
why+does+my+pug,why does my pug shed so much
why+does+my+pug,why does my pug sleep so much
why+does+my+pug,why does my pug have bumps on his face
why+does+my+pug,why does my pug have diarrhea
why+does+my+pug,why does my pug lick everything
why+does+my+pug,why does my pug keep gagging
why+does+my+pug,why does my pug stink
why+does+my+pug,why does my pug snort
why+does+my+pug,why does my pug cough and gag
why+does+my+king+charles+spaniel,why does my king charles spaniel snore
why+does+my+king+charles+spaniel,why does my king charles spaniel smell
why+does+my+king+charles+spaniel,why does my cavalier king charles spaniel sleep so much
why+does+my+king+charles+spaniel,why does my cavalier king charles spaniel snore
why+does+my+king+charles+spaniel,why does my cavalier king charles spaniel smell
why+does+my+king+charles+spaniel,why does my cavalier king charles spaniel snore so much
why+does+my+king+charles+spaniel,why is my cavalier king charles spaniel so big
why+does+my+king+charles+spaniel,why is my cavalier king charles spaniel so small
why+does+my+king+charles+spaniel,why is my cavalier king charles spaniel shaking
why+does+my+king+charles+spaniel,why is my cavalier king charles spaniel drooling
why+does+my+border+collie,why does my border collie stare at me
why+does+my+border+collie,why does my border collie pant so much
why+does+my+border+collie,why does my border collie lick so much
why+does+my+border+collie,why does my border collie chew everything
why+does+my+border+collie,why does my border collie lick me so much
why+does+my+border+collie,why does my border collie shed so much
why+does+my+border+collie,why does my border collie paw at me
why+does+my+border+collie,why does my border collie hate other dogs
why+does+my+border+collie,why does my border collie sleep so much
why+does+my+border+collie,why does my border collie lay on me
why+does+my+schnauzer,why does my schnauzer stink
why+does+my+schnauzer,why does my schnauzer shake
why+does+my+schnauzer,why does my schnauzer bark at everything
why+does+my+schnauzer,why does my schnauzer snort
why+does+my+schnauzer,why does my schnauzer stare at me
why+does+my+schnauzer,why does my schnauzer howl
why+does+my+schnauzer,why does my schnauzer eat dirt
why+does+my+schnauzer,why does my schnauzer smell
why+does+my+schnauzer,why does my schnauzer lick me
why+does+my+schnauzer,why does my schnauzer shed
why+does+my+samoyed,why does my samoyed smell
why+does+my+samoyed,why does my samoyed pant so much
why+does+my+samoyed,why does my samoyed bark so much
why+does+my+samoyed,why does my samoyed howl
why+does+my+samoyed,why does my samoyed whine
why+does+my+samoyed,why does my samoyed bark
why+does+my+samoyed,why does my samoyed bite
why+does+my+samoyed,why is my samoyed not fluffy
why+does+my+samoyed,why is my samoyed so small
why+does+my+samoyed,why is my samoyed so aggressive
why+does+my+miniature+schnauzer,why does my miniature schnauzer shake
why+does+my+miniature+schnauzer,why does my miniature schnauzer bite
why+does+my+miniature+schnauzer,why does my miniature schnauzer puppy bite
why+does+my+miniature+schnauzer,why does my miniature schnauzer lick me
why+does+my+miniature+schnauzer,why does my miniature schnauzer bark at everything
why+does+my+miniature+schnauzer,why does my miniature schnauzer snort
why+does+my+miniature+schnauzer,why does my miniature schnauzer smell so bad
why+does+my+miniature+schnauzer,why does my miniature schnauzer growl
why+does+my+miniature+schnauzer,why does my miniature schnauzer howl
why+does+my+miniature+schnauzer,why does my miniature schnauzer sleep so much
why+does+my+springer+spaniel,why does my springer spaniel smell so bad
why+does+my+springer+spaniel,why does my springer spaniel shed so much
why+does+my+springer+spaniel,why does my springer spaniel keep peeing
why+does+my+springer+spaniel,why does my springer spaniel bite
why+does+my+springer+spaniel,why does my springer spaniel growl at me
why+does+my+springer+spaniel,why does my springer spaniel follow me everywhere
why+does+my+springer+spaniel,why does my springer spaniel howl
why+does+my+springer+spaniel,why does my springer spaniel pant so much
why+does+my+springer+spaniel,why does my springer spaniel wee when excited
why+does+my+springer+spaniel,why does my springer spaniel have flaky skin
why+does+my+dalmatian,why does my dalmatian eat grass
why+does+my+dalmatian,why does my dalmatian fart so much
why+does+my+dalmatian,why does my dalmatian shake
why+does+my+dalmatian,why does my dalmatian shed so much
why+does+my+dalmatian,why does my dalmatian whine all the time
why+does+my+dalmatian,why does my dalmatian follow me everywhere
why+does+my+dalmatian,why does my dalmatian whine
why+does+my+dalmatian,why does my dalmation molly shake
why+does+my+dalmatian,why does my dalmatian pant so much
why+does+my+dalmatian,why is my dalmatian so small
why+does+my+jack+russell+terrier,why does my jack russell terrier shake
why+does+my+jack+russell+terrier,why does my jack russell terrier shed so much
why+does+my+jack+russell+terrier,why does my jack russell terrier stare at me
why+does+my+jack+russell+terrier,why does my jack russell terrier shiver
why+does+my+jack+russell+terrier,why is my jack russell terrier not eating
why+does+my+jack+russell+terrier,why is my jack russell terrier shedding so much
why+does+my+jack+russell+terrier,does the jack russell terrier shed
why+does+my+jack+russell+terrier,are jack russell terriers prone to cancer
why+does+my+jack+russell+terrier,are jack russell terriers affectionate
why+does+my+jack+russell+terrier,do jack russell terriers bark a lot
why+does+my+whippet,why does my whippet stare at me
why+does+my+whippet,why does my whippet eat grass
why+does+my+whippet,why does my whippet groan
why+does+my+whippet,why does my whippet whine
why+does+my+whippet,why does my whippet shake
why+does+my+whippet,why does my whippet sleep so much
why+does+my+whippet,why does my whippet eat poop
why+does+my+whippet,why does my whippet bark at other dogs
why+does+my+whippet,why does my whippet always look sad
why+does+my+whippet,why does my whippet shiver
why+does+my+border+terrier,why does my border terrier shake
why+does+my+border+terrier,why does my border terrier howl
why+does+my+border+terrier,why does my border terrier whine
why+does+my+border+terrier,why does my border terrier bark at other dogs
why+does+my+border+terrier,why does my border terrier attack other dogs
why+does+my+border+terrier,why does my border terrier smell so bad
why+does+my+border+terrier,why does my border terrier shed so much
why+does+my+border+terrier,why does my border terrier eat grass
why+does+my+border+terrier,why does my border terrier eat poop
why+does+my+border+terrier,why does my border terrier stare at me
why+does+my+bloodhound,why does my bloodhound stink
why+does+my+bloodhound,why does my bloodhound itch so much
why+does+my+bloodhound,why does my bloodhound scan not work
why+does+my+bloodhound,why does my bloodhound shake
why+does+my+bloodhound,why is my bloodhound aggressive
why+does+my+bloodhound,why is my bloodhound shedding so much
why+does+my+bloodhound,why is my bloodhound so skinny
why+does+my+bloodhound,why is my bloodhound not eating
why+does+my+bloodhound,why is my bloodhound whining
why+does+my+bloodhound,why does the bloodhound gang hate new jersey
